telegram_id,tickets_count,username
6719274977,699,stayabank
882182,632,kefired
7510932587,608,pavlos1k
828605951,558,oresheekkss
6978762073,532,Enternity_Officiall
7020812346,409,lalyou
880295304,309,nike_logo
881966693,227,bigvapem
1953329744,213,hui_voram
1502665149,212,Rich_ark
1478080988,206,stanok_stm
5535480797,177,yikes_qq
7699731621,155,keine
1408056571,145,n707eo
932494,122,sylvie
8080070314,116,UaHoLLY
322676379,113,JeeLTiS
7000865104,106,ValoLife
2052200721,98,MarkEdwardss
5387658856,88,Dadruuz
7142220234,86,nasvyazi095
6950270764,84,halfbacks
564876863,83,YanMarkoff
643518989,81,eyyyyygl
7675041311,80,nonstop_q
5363556803,77,Qasrenken
759121160,76,rifruf
599760588,75,dronjavi
1816448042,74,xokav
6929628415,71,SeoParen
5718448120,69,WWturn
5018275535,65,
7714096337,65,lvleet
5547498620,65,kutta
798610112,65,Leon4iik4
369652124,63,Bamboo4ek
7076134543,62,Makentosh_X
288808297,61,tonik
8122312595,59,Us99911
6210184363,58,II77V
468148879,52,valeradurov
1603345733,52,skem1k
6156995512,49,Ogabek27
941079263,48,kaver63
6373884968,46,Orangeeeeeee3
1240226346,45,goida
7545188574,40,MainProjectX
1900790708,39,butcherishere
6057006254,39,boss_ton
1062230359,38,work_pas
5376840510,37,magnat_magnatov
5113082307,36,suharikscp
8267968019,36,blacberyyyy
5022156247,35,Andrew_999_039
1174729189,35,
7087503774,34,n99999e
7871209201,34,nogletcher11
5152027446,34,hashrequest
5420194065,33,Pepeone12
1868039101,33,maxpassion
7735438998,32,skoletti
1618279546,32,DirectorTelegrama1
7092078235,31,rainnndrop
615557792,31,moneyisssues
1987234144,31,Dencher_original
6599733062,31,EVSlOODIK001
1833683780,31,hinjik
1060231044,31,garant0procent
595039116,29,primeTRAIDE
5058683036,29,seohill
7912970472,28,unscrupulouslye
7537413151,28,krnxkk
8155568514,28,Tho4ik
8112427612,27,Sayko331
1001321172,27,MRDG777
1739554636,26,dragoniil_fff
7184903848,26,mob3rr
1193146695,25,ivqni
5921792091,25,Tqthong94
6317209597,25,imf4rhad
8180685508,25,gduggd
6718422381,25,Parsaezaty
8251478462,25,disappoo
6964215955,25,AlonaShkoda
1810709648,24,VancoTG
1319807832,24,fhwwwdst
5814357887,24,jordandzevich
1051999725,24,IDealWW
241413872,24,VYACHESLAVVV22
6325020681,24,vipirk138
5584093898,24,opt_uc
8142258722,24,Fluffy172
200402191,24,Danilio74
6570055225,24,lovjaa
573475906,23,ZloyNachalnik
7348736124,23,FoonTikcom
7096492531,23,davalotq
522138037,22,timetolifechange
5104453353,22,hordeonex
1116414343,22,ibr0333
488663601,22,GippiTY
776854238,22,ins_xd
6550640453,21,buwir
5746434630,21,alexus89
8499398552,21,cyber_biz
6837807753,21,IZIADS
812433170,20,GoodzDay
1136793779,20,Nwonkknu
5522513546,20,bisgaer
713110171,20,sllets1
65076648,20,by_behnam
7159484911,20,whoismee1
6942503110,20,Wkxuu
8092764612,20,nicikif
5487407940,19,daylight1337
6092980121,19,khashidy
268598156,19,danij
558112709,19,TrueFuckers
5879800308,19,hullinework
1088679937,19,LaRoutineClown
803435331,19,Sinsaylexa228
672471465,19,Korislipknot
5330676178,19,XGodBlessX
393331683,19,riernish
406121767,18,Yatvarxx
7663520772,18,bearstg
5861787608,18,psychosoftly
1128110931,18,RodReysx
8166246607,18,ton_greg
7245855358,18,Darvin_NFT
899787054,18,bardel70
815688401,18,MDANBA
289288368,18,proportions
1103764917,18,niktog
902690162,18,youCaptain
7731630031,17,skywrathmage
918803917,17,pulkras
7012170276,17,avarec
7859547080,17,ss_mals
402861326,17,remless
7770357673,17,lacosttm
866125811,17,knowname777
1645791782,16,bibsk1ll
7508865558,16,inbetwxxxn
6409019853,16,diatonef
649292919,16,vyaabd
1863474869,16,geniy666666
6691507881,16,frappeverbb
7187321850,15,Filllantrop
7260617283,15,hot_wins
1105713627,15,copperbull
576534153,15,ArtemMining
5902757241,15,offkasaya
7907463472,15,trust_wallet_supporr
1629871884,15,bluepes
1712741001,15,hisoneq
1848740891,15,Bodik081
6728524572,15,Mister_Phantom
297426022,14,pugoholic
723676776,14,AlexLidman
7416216396,14,stopshit_exe
830748478,14,bmwkith
173904482,14,pomnikov
1134521061,14,matveyyyaaa
7789659510,14,sba07a
7917897170,14,SkinteDz_ex
7273722215,14,vkladtg
6576709446,14,sxxnnaaz
8318966,14,fakemurd
6202090541,13,Masertucc
456510027,13,kamdegarson
6439156778,13,Milanixxxw08
6045954363,13,Percik123
1839355733,13,supressednft_manager
7856128061,13,scatmon
737010714,13,maksmit
7834489767,13,verus888
7198004095,13,Ostrov291
1444450238,13,AV0N1X
963098092,13,swusuh
1094990384,12,aasdasdasdasdx
1492457085,12,energetik0
1030711627,12,Amirreza_dh
6866593057,12,Qwizik_net
777858281,12,vitaalyaa
809556900,12,babaynik
611602913,12,vadimnumizmat
8017338672,12,shakh_minei
897727961,12,Devil_May_cry_01
1168016861,12,popil_poel
7913428138,12,Kraken_Ko
1499096394,12,klmprime
7377831446,12,OMGZANOS
5167946376,11,laxyngra
1612033260,11,za77a
5254225478,11,Kdkdool
588033737,11,m1nerx
7099488422,11,AHTICKAM
315817156,11,grshnk71
5090246011,11,Pashtetg
2128287182,11,MexcContractor
484263390,11,dow1ee
835743963,11,Kaifarik_prostt
5514542023,11,andryhazabiv
8258130071,11,denkitoz
7730838680,11,Morgan_morganov
6242098803,11,Billifor
7334393563,11,Pakhom72
2032407050,11,timdrozd
5542367763,11,
783088329,10,VIadRom
1273739857,10,clalr
6438229207,10,SennksS
445892145,10,KRYTANYC
7427038063,10,vad111k
1187725634,10,kixay_T7
7706669514,10,kucha
5985708014,10,ho1odm
1016538772,10,wipskw_ii
1331459078,10,TON_GODLY
7764137883,10,Zmeelow1
6291032910,10,porsh911f
607896723,10,insane021
1060483862,10,ikasy
349339399,10,russellthecreator
989486459,10,diego112_card
63676647,10,CATLOVER6587
630035569,10,spirit61
925927218,10,ALKAABl
5626735358,9,mfact
359773633,9,crispy_caramel
1436145648,9,qhuash
1938133343,9,rob_commerce
1780739676,9,Daniil_Cb
1942267108,9,BOEHKOMAT_COCET
6810748602,9,hill_best
769080262,9,Evgenii147
6348188274,9,rayanoxqw
7866909418,9,Dont_ton
1377138206,9,memxof
1457986905,9,sbepbank
902858508,9,RobertDowneiJr
8123192921,9,jshjsksks
919972401,9,headshot
5907486551,9,dalakaj
381184841,9,ifeellow
6334063425,9,artyrekqqe_Off
7551659791,9,Pmbdii
510346772,9,quasar1477
6043567207,9,nikatoshi
737098855,8,KypuD0N63
878149597,8,megagamedoctor
1367371077,8,quanettt
856083039,8,bespee
1075238530,8,Neiroks
648171815,8,gorillaglue
7936893399,8,tgskipper
1225934569,8,nftwin0
7299678176,8,realspecialist
2042871695,8,pon4toy
5222870032,8,CryptoReich
632903710,8,dimkthegreat
767371708,8,maoaq
6483308554,8,Sumnek
8085926304,8,jonklir
443250513,8,zemlyak
5762383586,8,ZkiVi1
5250318411,8,ens4u
522976451,8,richkach666
1757351037,8,eloyF
7737888045,8,kychertg
7209307998,8,Imrsali
7693043474,8,babywearchik
8032418215,8,Yuliia_Ukraine67
1232089862,8,drinknteqla
1349362098,8,DANIIL_58RUS
6784494150,8,gerblch0
1087114113,7,ipizc
506761763,7,ke_Ppa
6192300141,7,jonhdeiviharris
6316267471,7,GNX1KNGZ
1780328531,7,mxkeevsky
6435117365,7,lilithsucks
954462269,7,nosigh
664608663,7,morshikk
7373180373,7,bsysbbx
719038769,7,WillEinKuss
1490490774,7,ma_rx
964424015,7,yapozitiv4ik
1981852166,7,fenebutt
1580326514,7,tiltoner
6839104545,7,bigdic10
7939437962,7,patriarhreserve
74759199,7,vuuda
1825529210,7,daqxu
747732950,7,thepubIicenemy
259129627,7,vvs775
7977358641,7,Uzshokhx
7583103983,7,pr0rok_mira
5270836798,7,Iopivi_n
6358074217,7,aminsiko
7082020970,7,blanora1
433236136,7,nikita_tsg
673097152,7,ccaarrtteell
601268038,7,zlo1bigtapok
8152386984,7,staychillo
5509761743,7,gymbro000000
551262992,7,Monsieur_Klaus
8286218743,7,vresoo
2030768051,7,TallqW_1
6898105573,7,Ms_ChikaRantikaaa
512337753,6,snamuhbus9
5256632306,6,smirnoff_ton
1050422886,6,STALIN989
5580461041,6,ME_7877
7471870127,6,BMFDGG
1888594950,6,luvisthegoat
5168435042,6,desperat1sss
5798497387,6,ReallyTwizzyRich
819351215,6,stanchenkovvv
1741444399,6,Sky_Lerrrr
1772024340,6,wvemor
1499684463,6,Genesis666x
476091679,6,soltony
5176518569,6,volyna74
1076871155,6,surfeit_10
369912397,6,Industr1al
6599810043,6,Peluspepe
854186507,6,TrIk33
782944564,6,kkaver
376438072,6,GoodwinLMAO
1651726364,6,kuznetsov_22
6922856278,6,GlebVrt
7136037608,6,Magistero_nft
5287825587,6,Adsll
750676238,6,Katya_Bufera
2122944259,6,PFTPR1161
7671639030,6,Harckary
1512389990,6,sjwde
6465539688,6,Sashavaskevych
5066207904,6,b3ast_b3ast
7666932664,6,Torgdeal
6406197573,6,DxfStr8w
5138714106,6,NaRadostMame
1678766518,6,BetaDecay
7274223069,6,versaceonelove
5700998789,6,trinyx
873970688,6,Markoni_pro
1782936339,6,f444f4f4d4544
1986733150,6,Mr_kisya_1
1331847487,6,Aristotaan
463162289,6,milllllovee
6533481352,6,zxcnana101
93030396,6,Pv_loc
5418608670,6,TakT_yc
6877080168,6,V1merAM
690826973,6,febyfourteen
5147092283,6,nastyoushka
1726482062,6,hhwhwq
627590395,6,
189269714,5,r4cc00nize
805025141,5,director_soon
1054989294,5,yuryao
703875333,5,im_devil002
6502359394,5,globaldurov
7716909088,5,sellandbuygiftsq
510862645,5,vipfragment
1009292046,5,hmcdx
5952394062,5,wennssp
5424994248,5,l_am_here_again
742291694,5,Frayz1k
7685413635,5,qtsbaj
1294928458,5,canon_32
1144375732,5,
1067353789,5,dicklarge
6549921987,5,bloood15
5110886953,5,PE3AL_BENb1
896638132,5,Clyukshop
7423989259,5,AntiWebAttack
6461242620,5,coins_send
5414406860,5,z_bro0
7945645241,5,cleverest
770601187,5,fredror
896908168,5,turdiboev_s
91402823,5,Levelller
1944861381,5,zastuntil
355554357,5,yoyura
568420549,5,cz_aster_binance
7761430624,5,id13371
1479544424,5,vevgo
655531187,5,
5130004989,5,aasel
5466593534,5,HOG297
5031682207,5,ididiidine
5042541062,5,brokoIy
1543721927,5,legasiks
1304516230,5,Paul_Du_Rove00
6424869228,5,dieinpoor
443491083,5,vvs_interes
6638144248,5,itsxlh
1418437531,5,fyrtex
666982029,5,s4vind4n
7135178823,5,Anubis_cat
1881081945,5,woudnexxx
1453036199,5,fearoftraff
1025609743,5,nikitosk0
334329002,5,txmpst
420502302,5,D056056
1064778208,5,tr1pize
1173730929,5,RepaTurkishKebab
1839977004,5,Ambassad01
907123407,5,awakoto
1835906223,5,I4_20Jl6036
1204750543,5,Ibra_TV
664743930,5,bagl02
5190595147,5,BOSTON4IK1
5605799992,5,oldbabighon
7718398513,5,darthjav
5301937142,5,nadne20000L
949180994,5,fixok
7029493397,5,no_one_000001
1882745023,5,xavierso_based
7543501734,5,Vreui8
5229100819,5,bdsmpolya
2108355737,5,koticov80kg
5418017836,5,jajqhbqqbbq
8443784800,5,
8142723553,5,opgskar
7688772537,5,SoMaybach
7202314055,5,GeorgeBarrett31081998
246306851,4,eatmeatme
5060623026,4,BAMPERG
1785782111,4,exewew
2094097573,4,alexzackerman
1117263009,4,krusitek
6491408757,4,Yalonee
1947429870,4,richdepressedchild
8154893557,4,mxysdd
6857459212,4,Walupz
469344131,4,del_offf
6518544879,4,kunaleni
7541606376,4,error_pepe
1857841687,4,triffiton
6076766999,4,Vlad_5789
1042201891,4,yuyuyuep
943690286,4,forgothowtovacation
399601117,4,chugaaa
5575593840,4,karaev_tg
7873505849,4,Whyoor
1738280460,4,montrxTON
5275187100,4,Yttd1
7902032967,4,window
259157623,4,darya_botova
521035481,4,balmyd
6242764410,4,bulingsI
5090569388,4,fistahkaa2
6479968936,4,AsuraMode
639167245,4,super_chmo
870100633,4,Sam_Big_Bos
5786619342,4,krabs_krab
829317316,4,IiiIILII890
1755451464,4,L8KA08
1247974163,4,TonyIceNFTGifts
2105295750,4,IT080
7190954019,4,vadim_iwo
7813199117,4,do_dep
7957083896,4,xiDaddy
7787424339,4,skisjdjdk
5534530330,4,Roman76l
1314247484,4,hhwbc
5908196370,4,colInaros
612728641,4,KV8888KV
7195627935,4,checkmybless
6939920779,4,seller_AYF
2085450571,4,qwerzu42
1094448193,4,sayzzz_0213
958952358,4,artemtraffg
1803546995,4,basovich_tg
7880741392,4,youdrok
1889272813,4,tg_flamenco
7170372501,4,umsaneks
5899136269,4,MODERALMAX
1780233841,4,ddrainer
8033052496,4,sbhateu
1409284434,4,apparently_gorus
8149739131,4,Fragmentan
904461682,4,kaesh69
5149790548,4,e1010
1993674259,4,x00am
1371154811,4,BAR_BAR_BAR_BARIK
1237860053,4,Venycu
6484294584,4,nqwwee
6043436054,4,Xostyra9ra
70780599,4,riwlyr
745115102,4,gruzin
1219211095,4,gamnarik
7157863324,4,di1mx
522686915,4,maxvikhrr
6750995245,4,emoomali
1596997002,4,SourceIO
7582046404,4,z_m_m
134663327,4,LunasyX
533793114,4,velesiik
1179427785,4,pcpspd
6582058828,4,kkiioo3
6493122295,4,pizdolizikk
1650750497,4,rkalinin6
626063747,4,bedniystudent777
5510915746,4,poxyism
5082689580,4,A8180B
7976139791,4,negroid
5218353834,4,MaksimkaNestle
6551125958,4,sub2299
1491163706,4,huyvortu15
8241320522,4,chaserfs
6409660805,4,m1xsyyyyyy
7872561094,4,HABMW220
7973856607,4,Durov07770
8214654561,4,qouau
952614430,4,xirxojngb54ewwe
6270515379,4,TYNIN_bog
7315299010,4,IvanTrader88
7575855986,4,Alex_4_0
81893548,4,gifts_zzone
5068583824,4,yngwrkr
1102705207,4,Fuck_my_ass_blead
1217177195,4,Op_King_bs01
8421753956,4,BB_GIM1
398268244,4,ALFM3ISTER
8208983594,4,baned_xd
972070989,4,SYT3NER
6167822347,3,gospodinovvvv
7591696020,3,SyrPryzHold
5248908341,3,FarhadAfaa
457934247,3,vovkeed
563930099,3,truesnober
5714032299,3,lyxsho
1043287934,3,rastrofai
5321655313,3,ooooooooooooooooooooooooo0o
7712482337,3,eyskrut
2025569082,3,m1qha
981458067,3,Flexer66
1864140323,3,vbetonespbru
6379942443,3,Sas16_exefff
133423656,3,AlexeyKaia
969378621,3,insurrecting
2025113988,3,ractyy
1381143112,3,lauranceblance
5187739158,3,poolsemp
737293432,3,Hommma
721775624,3,ndurov
1950229390,3,MOCKBA405
7651049546,3,yaemsup4ik
1853746782,3,weex0
1771332678,3,Yata15
1057098591,3,arseniy231
5495502387,3,Kirstypo
1493203120,3,W1_yyy
6880062615,3,aiggel
7542953866,3,dmsiy
5463485522,3,Topd1p
1681240508,3,KORTIKOID
201865715,3,uzer72
6458170091,3,Robatxc
7157775310,3,lNDIGOO
1137658407,3,russlez
1172913436,3,why_glava
1201249947,3,BelkaProBLR
897810417,3,Ten_vl
561324307,3,m1loyy
1844315258,3,arseiii
7913491375,3,pupunyas
1175052659,3,u_w_i
622407923,3,nighty14
1048892303,3,panimayou
6743407984,3,Collector_666
6259932305,3,teadmq
8094499961,3,AutoGifts_Sup
1228735242,3,tghostov
7304613818,3,CryptoGhostsru
1155680597,3,giftgambler_admin
5316997603,3,Ehsan_samii
1066464196,3,d1vine1337
5728134895,3,dissikz
690055809,3,xB41362
5113236997,3,OrgyChannel
333686736,3,Anpaglion
980828567,3,fack1d
1174409317,3,onlyTW1STER
6404347025,3,alex_dark7
1435677405,3,tim_qq
2111132050,3,yslchik
336332778,3,threnodic
834609450,3,M4ksashi
5553393502,3,ligue111
5040250777,3,LegendMorris
1860243632,3,Treyzitggg
6078387800,3,svetanchelo
6138956291,3,Vlad989889
6725047351,3,metcui
897228084,3,SsiriusLove
7836644524,3,Dolby_AtmosOff
751093914,3,mixmen123
399226724,3,nesworroo
185410637,3,GSM_1312
96478675,3,DefCore
6305240246,3,user_thebest
6935516043,3,pvesf
6301013215,3,DDioppp
6488839554,3,Arut_Kar
563825774,3,p_EpeG_A
1119595316,3,MQnik06
1081047655,3,Drgiz
2063682874,3,Pinkmaster121
1833520503,3,vernota
794776923,3,xdxdead
1478971895,3,morfe_non
441208136,3,Podkop_o_0
5971698796,3,chibr_2468
732277896,3,fumnu
6486106188,3,Lepiu
7542639497,3,durianovs
5835864157,3,greendic
1812293272,3,drugvirt
5475624400,3,fallensouljas
5692778307,3,NFTPRODUCUT
7430464984,3,Hilin_tag
7661969251,3,husisososs
753803754,3,DenissAndreevich
5039893257,3,skwizi01
824174677,3,LolliDi
5276620525,3,gtr_v6
439698823,3,Aleksey_Ryabkov
7603288761,3,cryptomann0x
5216690832,3,e44xe
1163660213,3,DR5KE
1727085485,3,necr0ma6tery
8390944437,3,Aurown
5292131358,3,IceOne_228
393467174,3,JokD1
8134470999,3,Williwonka5
1401810658,3,tompd
5160038313,3,danya_xxx_ff
6419967017,3,usersantix
5793427856,3,need_solace
6091023876,3,exttgg
1854838174,3,timoxaughh
6957981079,3,blood_bloodyy
1507940505,3,loxara69
1176463222,3,Twaukraw
7205956980,3,a_kogda_ne_na_pp
697071422,3,cold_and_blizzard
687738151,3,Voitenko2131
1441820314,3,doraveqqe
723569812,3,Slane_89
6016226924,3,swaga_0088
6450521993,3,CHOBE9EHNE
1606466573,3,ssm1ios
41934547,3,Grailai
8361706734,3,bentley197
1918577814,3,Dhileepkumargm
529903751,3,abconetwo
1092563739,3,Men_Hoo
1370224453,3,shefmath
6504055684,3,Scheiberle
477038406,3,osvrds
6349814418,3,korolidaunov
7572859740,3,grpaupau_gangsta
5555737088,3,RoXmanSM
8290983335,3,xexcogen
7561566426,3,
534098179,2,hodorneverdie
327226907,2,VirGregy
6692804638,2,nonamenoname88
5358463101,2,delpevx
922256619,2,BYSIKI11
6949008065,2,gaz_tg
5491670815,2,vetvdk
7122071433,2,tbank_en
760707109,2,leetnigga
5799340106,2,vasil2235
1642227095,2,hate_gifts
5656929560,2,lewho
1025322925,2,takoy_stas
1125533068,2,EA0810
7860830071,2,Insult_FF
666702764,2,georgegarson
1580602645,2,makarov020
1422262199,2,slepwalkeer
573562341,2,AlexeiiLEX
649072490,2,youkenir
577460821,2,bendeveryone
6443459855,2,Skr_Artemna
5959411090,2,pro7772013
2123782274,2,lommss
744700668,2,nafku
6839395536,2,yebikar
5958159037,2,spatlov
7502224167,2,MantoWin
1721510257,2,Rasheneg
753579122,2,maksimka_vibratorrrr
7931389515,2,knuklestons
1495608512,2,Sam1lik
6473218082,2,aezertt
822551388,2,G0olo
7472017595,2,gazz_worker
702183004,2,sukehiro
977692811,2,Prokopmaster
1790885970,2,dumbpatrickstar
576599703,2,Pop9292
5460031900,2,Wzmstr
5863877360,2,alexei66_88
476666605,2,eyyey
5353954080,2,FFFLLLUFFFY
8026472928,2,ultrabroken
6025867130,2,stranger_crypto
6640256721,2,JDJSJS899
6874378343,2,Sannnnnsans
5170981804,2,Mark_Res777
857135628,2,Pumptonup
1972326449,2,artem_lut1y
1192937741,2,x1mec
1829512894,2,sashikiyoshi
1005323100,2,InShinexD
576244201,2,qqAquaqq
7341233928,2,aaataman
7732344944,2,Slavch1k
836384248,2,qwertyasdqwert
1405494054,2,xsqqo
1984616973,2,VadimSportixxx
380410969,2,Sanval_saw
6329849761,2,DRUGINTERNETA
1996520904,2,bakc0n
845728895,2,m1khasik
1958781928,2,snchka
734108210,2,zaxue
7437501010,2,lilit_gifts1
1081075110,2,oneday_xXx
1983467458,2,PROSTO_BAHR
829945937,2,BOPAMAYE
1326233386,2,dxzuz
7111391430,2,ambercollecting
6737244594,2,byxaq
1981323640,2,eternaleva
7395361239,2,VMeansVendetta1984
5427191968,2,Bosspavuki
7919256515,2,OwnerGrace
1046552798,2,titriks
645051745,2,ksch794
7693957329,2,pcpbiscuit
638886338,2,fulloffhatred
799837796,2,temkocash
651385813,2,Gnidailiche
6748703360,2,Blat_no
5359548553,2,TV0Y_BRO
737025730,2,f3nnn
375922144,2,hosein_ba1369
6666257008,2,LordAlexis
5994196432,2,blockvok
1736637951,2,strongusdt
72714362,2,Demigod_Boss
259363080,2,Valentiunomomento
1004812512,2,d1shed
1846630074,2,hands_of_seven_sins
955320608,2,ChristinaFost
8155668680,2,Claudiaamd
7038853109,2,The_SkittlesV
5277467533,2,ddddddof
324606479,2,julia_mig
729464901,2,empv11
6057290342,2,Temasqzx
815327477,2,watchdemohowtoplaymid
5805904960,2,btc4f
1641422895,2,ojsansonvegan
263924952,2,botexyo
284306619,2,jjnxs
7765051394,2,andersoll_zolotovsky
1892645253,2,OneLAVu
2138182633,2,nealot
7211948849,2,Meatkakylka
723895032,2,lexkeks
273255625,2,donchuk
6982640824,2,katalict
423808776,2,deadbrainmonke
7267235252,2,mkmmk
1785284508,2,Proftina
506296712,2,awesomephonk
6045888692,2,T1ger1501
1935667283,2,MOHCTEP_TELEGRAMA
6320232377,2,Coin_moka
6517269680,2,SRB_King1
1598828622,2,EdlessTrue
1691654877,2,CIM_KAPTbI_BIO
7666681393,2,lD332
5131577573,2,Chapitos1k007
751421749,2,dduckmlg
1342189898,2,igor_kredut
1359547153,2,sshuraev
8001493033,2,rpacn
5281455046,2,MAGDII47
6225170855,2,NopeOriginal
5008618755,2,ermacie
1217297454,2,enottksjbsnwksb
1933267208,2,vktorya
8180412395,2,hilfigerTC
658549661,2,setup_3
6864499095,2,mustikxzz
1650854312,2,lunnik
1949073825,2,Pr0j3ct_x
5399487992,2,temaislands
1090656576,2,xjwj2
368975074,2,MiheyUA
1050657168,2,tthxc
7037972942,2,ownerg0d
1633516282,2,EntranceToParadise
515666751,2,alleythg
6793922165,2,KissedlFrog
886999412,2,popiliyman
577403557,2,Farm_Customs
426907115,2,Sevlenty
943554470,2,vajniyxuy
1156070847,2,Um1lz
1445166788,2,Berkuut
8083530806,2,xinq1
8036843539,2,KEW50
1678658693,2,SEES77
7366169215,2,islamque
5792429939,2,fluttershy019
5465002130,2,huxww
7800714183,2,novini9s
278025359,2,lexsoff
1065428176,2,Deadshogun
1472389064,2,Loncin_wolf
1245339902,2,kalashucshop
1129305545,2,sssurfpunkkk
5161366538,2,Akd0wii
253942828,2,smmcoru
8308845176,2,wsscoddd
1372507050,2,M_A_M_R
7441945436,2,graveyardxgodg
7165903599,2,k924k
139878006,2,swater666
1681621697,2,RUSSKII_DUKH
6967378105,2,dsflg
921083843,2,Lel1ky
6644676794,2,hea_zone
505050293,2,Turtle4Mp
7404869890,2,Ins1derTON
630104834,2,kyokaia
8231112720,2,fasgems
7558479501,2,PeachBoss
6642917480,2,tgnno
217601768,2,AndrewKrivous
94914410,2,manyrei
7507715167,2,Doverienasto
1393762407,2,Yarkiignom
1262275246,2,mrsmiler04
1932107348,2,R0NNY1337
551939617,2,waldinsamkiet
6299132311,2,Rostyanq
303184702,2,mojinto
1367668508,2,s666xx6
544240079,2,adolfhitlerkrasavchik
6753440800,2,Pkovy
691309881,2,callin1
913492435,2,M4K4R_25
5639293860,2,president_telegram_durov
8426998166,2,Gorro_95
1144357213,2,nhsunny1
5703196877,2,AiSe4ca
451290429,2,Veteran_rus
5335446,2,Izilist99
7365687706,2,Durovgear2
1737668585,2,grka8
5058879927,2,horrifiquee
6935054503,2,BehradBidarigh
7884336740,2,jokerzss
7567940081,2,arthurrrrrrs
1586190181,2,alirezaroyal_ir
8040434780,2,one_three1313
7389271426,2,v_urc
304169759,2,neogys
1611342336,2,operupolnomochennniyy
733037458,2,Naefli
6604194497,2,aedificant
733316977,2,m1reats
2132130595,2,altlatt
5245798519,2,whoaskedpro
7443083670,2,liuffa
6726858221,2,killtakee
1633638242,2,eeeksss
955398757,2,frisingov_nft
299225645,2,BUGROVF
5088763288,2,nugopac
730212540,2,fuckscamils
7561757115,2,iY_lII
5964079576,2,gerdekol
1997600690,2,morarox
8457468807,2,tg_versa
7614342098,2,LeysieYe01
7334592928,2,soxsal
1635230593,2,AlekseiAlekseevic
1727115466,2,eteters
7815061138,2,markett_fam
1191712207,2,fr1zty
598110173,2,sguhamakruha
7687943167,2,cvctcv
1166225181,2,oqerator
1351742669,2,sabamboay
5905114607,2,scamerSNG
450434212,2,thefrants
5561980856,2,huivortu13
5558642487,2,borisz3
8423291973,2,nelegaly_48
6556149989,2,babybeggi
765774773,2,Stanley_Snyder
1397390468,1,vish_viktor
6872250069,1,saint_member
5637089510,1,Unec_1
757671800,1,Dosya_E
497429605,1,dinoo
6652085778,1,usertelegram101
5046321832,1,Safics78
780826403,1,mikhee_v
6432049313,1,sendanal
5563804916,1,Liphsathy
1997826894,1,Delanets
92447789,1,BabkinaRadost
1859200148,1,wailane
5173096396,1,Mirby_ton
777565023,1,mirzoislom
1458939797,1,iksport2
411060997,1,aleks_stopudov
5804352822,1,AloBiznessDaDengi
1650952509,1,sashaaura
7900716552,1,usernettspend
638594210,1,lovvj
743042731,1,xoka_tg
1146382865,1,danilLytuch
5178582012,1,smiaou
718165422,1,bobikgav777
5288946574,1,kommdaTag
877444815,1,Xyindyk
7864765377,1,TgGiftResalee
1190754192,1,Corchun81
5202830746,1,soslan121
6929695832,1,jawellin
5864073953,1,yasimasik
2067380543,1,kortozshka
6388937711,1,tonbroker_primo
6319661389,1,AHOHUMEH
2099555593,1,dubeo
1635664828,1,scipay
755077392,1,solltaev
2022678164,1,makso5_5
7035011599,1,fuck812legion
776979326,1,AnanasWarrior
1434273130,1,PRIME1503M
7701684073,1,Loketot
809768099,1,kolotran
7752925644,1,Cherful_TG
774848687,1,kkuorf
5648030486,1,Kilkavsoys
683420896,1,un_anxious
1867446691,1,vomexo
1882301411,1,arnykopar202
1637131785,1,tmeRespect
5286703416,1,MibiDel28
5831835367,1,Vlad52513
1932145446,1,genius_mark
1610511386,1,mamau12_5
6015483871,1,merpule
351729059,1,CanYouFeel
459944157,1,dav449777
6738905628,1,fidls
1442007226,1,sharfikcrpt
616763323,1,yannixf
7736830543,1,userslark
6378102312,1,ununknownvoice17
5529857681,1,tsumakava
1648878260,1,tuesdaxx
1322639368,1,catcizee
1363290491,1,Whygsas
2067546599,1,IvanPromik
709877450,1,Hkmdhxk
1674862926,1,Teaser21
1381872398,1,onetda
722579317,1,INTERmight
1018713503,1,punchline_inv
6672668245,1,Rasx1t1tell
365901464,1,byasov
107311842,1,Dearmitt
5544928457,1,loryyyxcvv
855501824,1,Nottkirillx
680094693,1,DoBi033
1162715175,1,Ddmitriev95
861290953,1,rsv_crypto
1157679004,1,sankabelka228
690373331,1,Tenet37
5177310127,1,RakoselStudio
6936737041,1,Raimmo
472534831,1,c0llapse135
5599905833,1,niqoroff
8152055460,1,Biopsied
5280146856,1,Kaimt
6131180756,1,fkdlakdjhh
1348545203,1,noagaincodeine
929263443,1,KotKotetskiy
6789128239,1,BOPK_UAH
749832067,1,tootypo
5878515935,1,aannanane
6487036045,1,svyatly
633822213,1,velinetsm
654893113,1,uebalq
1998695459,1,D4D3K
986359078,1,richukkid
604108022,1,ErrorError8321
1447866390,1,s_a_h_u_r
514370451,1,krhsd
273095874,1,ImpStalker
7987088762,1,Ryma_official
1309736254,1,ogromnuy_bobr
1243097066,1,ifyfyl
567911841,1,KozyrnovWB
1990441725,1,Konogorov_garant
480423849,1,mmmixom
5679593544,1,sellbuyww
5238102497,1,Gafatullin
8073904809,1,FakeGuarantee
1810243075,1,potapovaaaaaaa
5193160321,1,perekot
1273051130,1,Innokeny
7456594126,1,mhuula
5585918553,1,maksoton
6113553191,1,kristinareznikova
5242263323,1,Azatokkk
5845829012,1,NovikovOfficiaI
7393010826,1,shadowraze_555
1618633536,1,romashka200
1092272968,1,Only_Skils
1014785,1,sokolyansky
682105616,1,VadimBond82
5643681046,1,Mrgeniuys
1356586468,1,Svetiika
5530002005,1,Orpheal
7338416720,1,bornagain808
1125490038,1,Dmitry_Prozor
6550499106,1,Nggg_rys
1710390817,1,doj010203
6662652494,1,gudehka
5229543842,1,Norichis
838513344,1,worueuqq
5392319679,1,Xariones
1894799004,1,ragesecurityy
1976976499,1,xlkvvss
2140967716,1,owneqom
5584661623,1,alexsandro391
6314909595,1,chet4verka4
1035099609,1,ajsp99
988556064,1,balagggan
447633629,1,ne4ertenok
1647814363,1,mrkt_01
6660676717,1,S_T_U_D_3_N_T
7776293302,1,ors013
1962830888,1,ELECTROYZBEK0
7733387333,1,fazbeap
613741853,1,get1092
7327184668,1,antipov_SEO
397782049,1,murlocq
1416966849,1,Nikejustgo
1357348413,1,evil_gdsgsdsgd
5134491156,1,madrid_man_105
5528436894,1,paveldurov6666
6003050777,1,iosifxx
6401669012,1,qqwerqwes
367350734,1,nameNikol
5251880159,1,Youkai88
1745791573,1,kloynyaraaa
734299502,1,OMGVladislav
6120008804,1,DADANETNET_Da
5110757751,1,izgoi11
702576848,1,gromit_ton
6125636682,1,nvnmx
5344452689,1,nevmenozslk
5485985861,1,Salonoob
7914435862,1,svaterdar
7167465601,1,boybyton
7057472136,1,Maf1_k
5270532870,1,debramorga
593432785,1,enotkiss
1839030810,1,freemybratt
984461818,1,spart444k
1125044081,1,qstox
714948683,1,skyn32
1008053708,1,smert9iyprig0v0r
8012698237,1,Tonikov788
672803880,1,ImFinch
1640224971,1,arababibus
1740159885,1,ezroler
447189664,1,JoeNeverDie
7679261702,1,gave2me
7451309019,1,
1031498803,1,tishass
7567462070,1,shawtyp1mp
1714530028,1,end13ass
5735787423,1,
7377558332,1,giftoludik
5506849210,1,eozuz
986458451,1,monstert1
5600300553,1,Kolayn74
5880788170,1,V4drt
1362002210,1,mixik_XD
6628809106,1,dexlofos
1057244535,1,zachemqq0
941990323,1,big_pencil19
1553865459,1,ZZZZ827263
6099051718,1,virumw
8158875561,1,Iawerks
742624269,1,GoteXPro
1946335119,1,logfckk
6371206272,1,Pitonuzer
6998114911,1,triplmoudsex
7949519588,1,mrnshkx
920600014,1,ded_kolbasa
1072843248,1,polo1i
5183291154,1,maj0Rka_ww
822375696,1,pardtt
731433102,1,asdffffgh
1147981204,1,duzlikk
6109648409,1,fererra777
6971273334,1,NikoBond16
695917532,1,lowoiow
2108502346,1,nootreedamee
6891297800,1,bsewod61
5541466308,1,tggeby
1057512596,1,haassergey
6262915405,1,scrathdeath7
770122235,1,qbatua
6567885424,1,sexyfrost
8112414962,1,obankrotilsya
8086758338,1,edway1
6241820045,1,polmalyc
6473519791,1,sigmamament14
584108189,1,Rrppnnkh
876163437,1,HateMePls
5230744410,1,OwnerArtem1
994312652,1,uxivu
548063537,1,vvtorov
5858135640,1,lol1a0
6989247718,1,D_brad006
1363763893,1,Moty_YT
779893290,1,Vit1010
776996165,1,serdce_i
1957166548,1,kuilegod
6730515101,1,Hhhhhhhhhhhhpllo
1624125525,1,jtoysq
6028075498,1,poll1o
6331400581,1,GeniyOKa
722706232,1,h3yaxxx
556555565,1,ne3vuk
5621332614,1,Vladislavjr
7037698338,1,sumrak_faust
5138748539,1,anlerrya
5708801683,1,
902953506,1,MrMarbin
1179611044,1,failden
6152070162,1,NFTosha
5760554433,1,Testosterone_p
5623595513,1,ww_ouy
6966422824,1,Skysigma
853452202,1,makarads
6018138107,1,PolIo_so2
187590291,1,xellewox
5082117705,1,trap_a_xolik
470111463,1,andreiigorevich
1143313304,1,etalonniskuf
2141527117,1,KerryJ45
748283738,1,Miasovoz
5560457243,1,wpersonxd
1645859325,1,rocketpull
5941500020,1,Gosling3310
5156480220,1,barkleysmints
1836871610,1,k0rt1k13
5082769692,1,Artm_maga
7482907112,1,kangxiong
416152648,1,stas322
1023893225,1,arhiv_person
1176739113,1,shestdesatodin
252403729,1,Slavnes
7944228027,1,FortunaSBP
7709035200,1,miIoserd
7393733867,1,dtf_dutchyyy
1180373656,1,Vova_Mishinn
1520661243,1,savvvaas
7639552194,1,mario_forewer
5806191527,1,art_xdd
5186630124,1,treyzidonat
1353961619,1,hai_lybly
7320285120,1,BTC_666_777
1477388934,1,Pon00028
1354339056,1,Timoha0_0666
1433226535,1,jsjskskwkwjwk
5951338964,1,tsixwcarcecrialuctctssicti
1237968619,1,lamaxlv
8111848677,1,t3des
245694775,1,qwhqwhqwhqwh
99917337,1,IEPolo
1911376841,1,PELEMESHK0
1679478337,1,ilev1s
6646717679,1,iosrr
694885169,1,ak1auraxx
7610944996,1,aliydarius
600950818,1,dedakasha
7560196165,1,gdfg457645
1789769141,1,wuwutng
1109704569,1,mdtqp
1361167293,1,TheNortheFace
1069847107,1,t1t1t1t1t1t1t1t1t
1469759651,1,Hzzz3421
6076712679,1,oregano44
8083112822,1,ezetopp
8077184789,1,Vnepobedim
7148846618,1,RS5733
7725782963,1,dog_gilf
5864613652,1,oganess1161
5448228406,1,dikaprio4
804717758,1,zaekz
6704327957,1,NonCertain
7346483198,1,Higo48
5638965906,1,Markysa_2
6377789460,1,nowawo
6957413555,1,NFT_c0llecti0n
5547327232,1,Ballin812
5939982832,1,heiss
823928865,1,Xakkumaru
8070379773,1,molodoy_oreshnik
246971164,1,ghostshauntme
137118681,1,dddenisk
1453633243,1,MilkMare
873930087,1,kadyrov_owner
6182651629,1,fl_d1k
7601552159,1,headphantom
8110287784,1,qiiiwoodpd
7446043009,1,avratli
7623529557,1,nidoddn
739669396,1,realpancake
304098685,1,Gashad0kuro
5709227887,1,TgBusinessNft
995665622,1,dlapazon5537
5165919974,1,solevoy_utirok
5049733823,1,Gro_oza
5125323505,1,prettiiifun
5037703118,1,
8391127913,1,artselab
1651340449,1,Egor_Shalin
597349098,1,makasiaka1337
796938493,1,surealistic
1308348003,1,eihfjkwiwk
1678951718,1,Stitch_ers
6302108750,1,wellorrr
5470210609,1,Artyomsn
6566506027,1,montana_787
8055853715,1,maybeforex
6297116914,1,kre_do1
776690169,1,truekuniman
6841584757,1,isma77_77
1613912052,1,pluonrl
5513527942,1,Co6yn4ik
5572860955,1,chubab1
829699278,1,multibrand04
1286405457,1,guidexz
1242244781,1,kamz0ner69
767222636,1,themercilessway
7564671344,1,Z7ZT7T
5392892116,1,Balenciaga_son
5140892472,1,XaBaP2
6120638593,1,jenebdjr
2021307458,1,dimaI321
5545800873,1,vanjinwooofc
669406453,1,madduck192
7652575481,1,sTr8DeViAnT
642169305,1,appolonder
7127551385,1,yarchenah
8080056228,1,teeriaki
6364910821,1,pissyar3000
8340723974,1,Rezkiy2
1458984832,1,boros_228
1290653710,1,marl_one
1019776929,1,kolpak16
5531897730,1,NeObnaglel
1084105247,1,erdonmybody
6562160928,1,username_14889
1829910183,1,theuglymalina
7861586426,1,goshas999
7702329373,1,bohinfluence
8456685193,1,zloy_tipa
1325174448,1,
1338193365,1,Shadows_Prince
5400033711,1,i_sko
646531590,1,pipindra3000
544701612,1,KrEpTs
5228712615,1,Markfshm47
694965172,1,owlhow
1145122367,1,ganyamede
6332755449,1,artemkav4r
5474190328,1,Sanloranch
1293380622,1,Zalypaedik
6554060987,1,yandexyekk
469866310,1,executor_crypto
694132064,1,llsfm
849422120,1,llIIIIIIIIIIIIIIIIIIIIIIIIIIIl
929593946,1,xxxxiivv
5765934659,1,zet1w
1609764212,1,fucikoxs
5877860196,1,insane_training
226635602,1,AA7556
7605070715,1,Mokoreka
6420369807,1,ancad0r
5305841712,1,SW_cash
5938556784,1,lil_wookiee
6694431443,1,squirty6
1268166001,1,forzffx
6362973819,1,originalgh
1633401247,1,Nighter2X
464701457,1,pochkana
488642196,1,mr_Name_Surname
921138461,1,n7mph
1058469667,1,xDenzzz1119
6966473720,1,vymika0
839548150,1,NGKGQ
688810855,1,Harshpasta196
1237943638,1,oneinamiIIi0n
7549997048,1,sgbee2
1525509525,1,Kondrash_HS
372416800,1,vrodion
767983749,1,Yokrm
957149332,1,wsakja
1301362501,1,ndombi21
5052188067,1,zzetrax
1270652334,1,Colldery
932622417,1,XXXgadyka_geng
1001181855,1,ptrdjctedh
6272436476,1,Sad_Chik
5145346931,1,Omaralqedra
8491505924,1,eblvv
8183521118,1,psychohypocrite
497356655,1,Daria_Shapran
1290410916,1,baunti_130
1284848161,1,segnus666
6444740079,1,herobrean
5879745258,1,Nigaghe
1242191826,1,Grh812
772136808,1,cayrotik
7202805198,1,h3artbreakerr
2093371882,1,nocryforhoes
440955077,1,TONhighroll
695607503,1,TheKiller0198
73983760,1,artkuchin
1501191908,1,mmmm8iiiiiii
6737956761,1,ZeusmusA1995
402839174,1,bambulet
1769321698,1,mishutkaTon
5009351851,1,rocnogu_nrocmu
2143117457,1,nehiso
740060512,1,Moscowisappoarching
8438352500,1,crypto_fuck_me
7015462417,1,Kaifchoo
8290809373,1,skineela
8314743057,1,icarefornoone
5887876927,1,wogxa
7848290495,1,lleymos
1453294687,1,deverseman
8431310945,1,cryptologvtg
1119204665,1,zkeue
6104889861,1,rasuliikkk
7131732280,1,dimkaHIM
7879898233,1,KreditorTS
929703224,1,lolkekloI
7217537238,1,callmeGHOST
7781014274,1,KPACOTKAvi
7753533794,1,t_x_oo
6297436904,1,cciczq
6647917852,1,admhyrdin
429399911,1,aNaruto
5220966388,1,ilya0c
5295156542,1,sPPepa
5975552994,1,kiwisell
1141806995,1,f0lxz
467108469,1,vivtk
1318666823,1,
748529480,1,A777E777A
1850897232,1,Pathatok
8486941560,1,Laysik
8335305156,1,hdhdhdbdnbb
8287356424,1,MysticFrk
8283491383,1,prokaznikonelove
7935566700,1,GIFT_Tiger
1986236357,1,nooomamacoco
7238416773,1,zakaz_ko_mne
7220360676,1,itS_Mmmd
6735156543,1,fenomen174
7943262766,1,accountnotfound
1236288565,1,k127y
7417502327,1,vv1nsyyy
737079771,1,fckfckkkk
929209620,1,grigory_crypto
6681748392,1,piton_13
7883246620,1,LAkEEEri
7000976193,1,Yura13372281337
6408252023,1,Bombokclad
859592910,1,droz1kk
6188985018,1,G0D_TAG
965296985,1,poopoklla
5371288197,1,nz4ik
6671499568,1,F0cus121
457535402,1,zzasz
6219621652,1,KiberHimoyachi
626056598,1,itzdeniskv
8491863907,1,mruerta
928010291,1,OxAlireza200
775393841,1,gener4lov
7038870516,1,WhitesSupport
8119490824,1,lndrley
862124934,1,namesend
7522402035,1,sunatttoo9
815431166,1,x_MRKT
1828704788,1,denchichek1
1155083989,1,cema2610
6998564211,1,flipepper
955861803,1,rom4ik_rus
5062415578,1,uoshoo
1845254423,1,xlerksx
966075091,1,vilen_tg
8257076263,1,s_c_s
8131829065,1,yrpcitrus
7894969916,1,
5374265235,1,Zadonskyii
6171203402,1,qqFrane
8410092841,1,giftsProAdmin
7434226201,1,MiruMirVery
735083828,1,
833452257,1,Kaynshida
7423357894,1,Donikwaz
8186731721,1,obb27
1993170084,1,n7bik
8417118342,1,xaknp
8408373359,1,afina_supp
6910645757,1,noth1ngq
8317588686,1,diamondtrailpath
403629496,1,the_black_name
6452043706,1,v1DamM
1070367015,1,sevayaka
85737052,1,ednts
151888141,1,seventits
1179635368,1,qqjanq
8191273344,1,LDG666666
1122315456,1,
1007488537,1,scallea
6887557231,1,tunaalFN
700570738,1,tonwiy
7345741304,1,sonyashkkkk
8452262341,1,ignasio404
1326536795,1,dizerrrr
685626083,1,SJrus
5445221128,1,vladoss2308
7932234584,1,razdel_ee
1094607899,1,anomaliawhynot
1029428519,1,Tekakaska
6862855139,1,VVlV3
8097678590,1,sharfikcrpts
836001614,1,GiftsToHouseDeals
337094735,1,Jibrailgagakio
